{"weights": [0.3041588990968371, -0.03392281788180634, -0.2049964123325833, -0.08667318245739318, -0.032560739424775324, -0.271513144533188], "intercept": 1.2314439731764797}