{"weights": [0.17798827319305985, 0.33789288175490284, -0.11847385565957186, -0.18117652073300758, -0.15882433803878127, 0.6197879605115685, 0.264380512143765, 0.3227297576537623, 0.0, -0.1280006022424145, 0.2421969514473549, -0.4101263960573601], "intercept": -4.165172518776941}