{"weights": [-0.0213273359965753, -0.11996307393612957, 0.2969959908704852, -0.10026751445467492, 0.07207798773568967, 0.40863089428583577, 0.33782668835410906, 0.06087181715018254, -0.20483106991147806, -0.050724874537325326, -0.11862962473250035, 0.16636472741312947], "intercept": -2.9744839037150563}