{
  "acc": [
    0.725,
    0.85,
    0.9,
    0.875,
    0.85,
    0.85,
    0.875,
    0.825
  ],
  "f1": [
    0.7025016903313049,
    0.8465473145780051,
    0.898989898989899,
    0.8742928975487115,
    0.8484848484848484,
    0.8484848484848484,
    0.8749218261413383,
    0.8222222222222222
  ],
  "dims": [
    6,
    8,
    8,
    8,
    8,
    8,
    7,
    8
  ],
  "rounds": [
    "R1",
    "R2",
    "R3",
    "R4",
    "R5",
    "R6",
    "R7",
    "R8"
  ]
}