{
  "acc": [
    0.7,
    0.825,
    0.8,
    0.9,
    0.875,
    0.875,
    0.875,
    0.875
  ],
  "f1": [
    0.6703296703296704,
    0.819471308833011,
    0.797979797979798,
    0.899749373433584,
    0.8742928975487115,
    0.8742928975487115,
    0.8749218261413383,
    0.8742928975487115
  ],
  "dims": [
    6,
    7,
    9,
    10,
    9,
    11,
    10,
    12
  ],
  "rounds": [
    "R1",
    "R2",
    "R3",
    "R4",
    "R5",
    "R6",
    "R7",
    "R8"
  ]
}