{
  "acc": [
    0.775,
    0.75,
    0.85,
    0.8,
    0.85,
    0.85,
    0.825,
    0.85
  ],
  "f1": [
    0.7630019749835418,
    0.7395833333333333,
    0.849624060150376,
    0.7994987468671679,
    0.8484848484848484,
    0.8465473145780051,
    0.8222222222222222,
    0.8484848484848484
  ],
  "dims": [
    6,
    10,
    7,
    10,
    9,
    11,
    12,
    11
  ],
  "rounds": [
    "R1",
    "R2",
    "R3",
    "R4",
    "R5",
    "R6",
    "R7",
    "R8"
  ]
}