{
  "acc": [
    0.725,
    0.8,
    0.875,
    0.875,
    0.9,
    0.875,
    0.85,
    0.875
  ],
  "f1": [
    0.7103357472021066,
    0.7802197802197802,
    0.8545454545454545,
    0.8602375960866526,
    0.886039886039886,
    0.8602375960866526,
    0.829059829059829,
    0.8602375960866526
  ],
  "dims": [
    7,
    7,
    6,
    7,
    9,
    9,
    8,
    7
  ],
  "rounds": [
    "R1",
    "R2",
    "R3",
    "R4",
    "R5",
    "R6",
    "R7",
    "R8"
  ]
}