{
  "acc": [
    0.725,
    0.85,
    0.825,
    0.85,
    0.8,
    0.8,
    0.8,
    0.775
  ],
  "f1": [
    0.7103357472021066,
    0.8351648351648352,
    0.8106828938471939,
    0.8351648351648352,
    0.7866666666666666,
    0.7802197802197802,
    0.7866666666666666,
    0.7630019749835418
  ],
  "dims": [
    7,
    7,
    8,
    7,
    8,
    9,
    8,
    9
  ],
  "rounds": [
    "R1",
    "R2",
    "R3",
    "R4",
    "R5",
    "R6",
    "R7",
    "R8"
  ]
}