{"weights": [-0.11925205798180587, 0.07576650749396516, 0.23293302887118272, -0.05393558459592531, -0.21361625419967847, -0.026254305140117198, -0.24847946911556199], "intercept": -0.16945087239469792}