{
  "acc": [
    0.775,
    0.775,
    0.85,
    0.825,
    0.725,
    0.8,
    0.825,
    0.85
  ],
  "f1": [
    0.7630019749835418,
    0.7630019749835418,
    0.849624060150376,
    0.8222222222222222,
    0.7163120567375887,
    0.7953964194373402,
    0.8222222222222222,
    0.8465473145780051
  ],
  "dims": [
    6,
    6,
    6,
    6,
    6,
    6,
    6,
    6
  ],
  "rounds": [
    "R1",
    "R2",
    "R3",
    "R4",
    "R5",
    "R6",
    "R7",
    "R8"
  ]
}