{
  "acc": [
    0.675,
    0.8,
    0.675,
    0.725,
    0.7,
    0.65,
    0.675,
    0.775
  ],
  "f1": [
    0.6033562166285278,
    0.7802197802197802,
    0.6033562166285278,
    0.6799999999999999,
    0.658119658119658,
    0.561128526645768,
    0.6033562166285278,
    0.7565922920892496
  ],
  "dims": [
    8,
    8,
    8,
    8,
    8,
    8,
    8,
    8
  ],
  "rounds": [
    "R1",
    "R2",
    "R3",
    "R4",
    "R5",
    "R6",
    "R7",
    "R8"
  ]
}