{
  "acc": [
    0.7,
    0.775,
    0.8,
    0.775,
    0.85,
    0.825,
    0.825,
    0.825
  ],
  "f1": [
    0.6428571428571428,
    0.7565922920892496,
    0.7916666666666667,
    0.774859287054409,
    0.8399999999999999,
    0.8106828938471939,
    0.819471308833011,
    0.819471308833011
  ],
  "dims": [
    8,
    9,
    7,
    9,
    13,
    12,
    11,
    9
  ],
  "rounds": [
    "R1",
    "R2",
    "R3",
    "R4",
    "R5",
    "R6",
    "R7",
    "R8"
  ]
}