{"weights": [0.10034063338198404, -0.17250123792765312, 0.19954383158045477, 0.5485518436870294, 0.3328647254437398, 0.0022532106281564148, -0.2781745594651167, -0.0913630283106726, -0.04400815348172303, -0.02715389812953596, -0.019552640968846322], "intercept": -3.9314163433168594}