{"weights": [0.21144378588503251, 0.12909721311628042, 0.03743520834280712, 0.04421027012625467, 0.09476866576793597, -0.3406944015926863, 0.387113665773737, -0.5152435473180808, -0.11528552178970028, 0.2907915261167489, -0.5081041546144197, -0.005454112988342916, -0.038532504359339324], "intercept": 2.0436645082821205}