{
  "acc": [
    0.675,
    0.775,
    0.825,
    0.8,
    0.8,
    0.725,
    0.8,
    0.8
  ],
  "f1": [
    0.6033562166285278,
    0.7484276729559748,
    0.8106828938471939,
    0.7916666666666667,
    0.7802197802197802,
    0.6799999999999999,
    0.7866666666666667,
    0.7916666666666667
  ],
  "dims": [
    8,
    8,
    9,
    9,
    9,
    9,
    9,
    9
  ],
  "rounds": [
    "R1",
    "R2",
    "R3",
    "R4",
    "R5",
    "R6",
    "R7",
    "R8"
  ]
}