{"weights": [-0.05676683650317169, 0.17438275537315748, 0.3231953018898565, 0.1300914925498119, -0.265812736100314, -0.023670632841271848, 0.0512260676589404, -0.1788162791001884, -0.14255818703019132, -0.1831259704864037], "intercept": -0.5750189215774347}