{"weights": [0.2111234874040217, 0.028687600830837198, 0.08628180104769781, 0.5627716260167448, 0.3509902831588276, -0.0043586672379137105, 0.21700400959608426, 0.04507350685215245], "intercept": -7.525578452244415}