{"weights": [0.153869212860501, 0.023528755251415703, 0.06582151411955647, -0.08810567742529388, -0.46848587771203787, -0.09578579040332247, -0.11555725235723593], "intercept": 0.508102889733133}