{
  "acc": [
    0.775,
    0.825,
    0.875,
    0.9,
    0.925,
    0.95,
    0.9,
    0.925
  ],
  "f1": [
    0.7630019749835418,
    0.824010056568196,
    0.873015873015873,
    0.9,
    0.924953095684803,
    0.949874686716792,
    0.899749373433584,
    0.924953095684803
  ],
  "dims": [
    6,
    7,
    6,
    8,
    8,
    8,
    8,
    8
  ],
  "rounds": [
    "R1",
    "R2",
    "R3",
    "R4",
    "R5",
    "R6",
    "R7",
    "R8"
  ]
}