{"weights": [0.23636970268732663, -0.09435306964700454, -0.13266328583710146, -0.21447938734711997, -0.369695752710261, 0.06277427515172372, -0.08703024768892231], "intercept": 0.9810331675631534}