{"weights": [0.40214655948530603, 0.17452907201923534, -0.05973239371374841, -0.12096865296770337, 0.06673828483950661, -0.25322775258605934, 0.11239749918994989], "intercept": -2.5798772936702035}