{"weights": [0.23081238968880097, 0.45397703109540405, -0.14068024860959402, 0.09584669563026595, 0.023625025897692727, 0.03310732144197208], "intercept": -3.1665723121195555}