{"weights": [0.44291749104359784, 0.1916247137980597, -0.22191301513550726, -0.12745609106688077, 0.19918631268779413, -0.6189742632540912], "intercept": -2.1207713720973476}