{
  "acc": [
    0.775,
    0.85,
    0.875,
    0.875,
    0.85,
    0.875,
    0.85,
    0.9
  ],
  "f1": [
    0.7630019749835418,
    0.8351648351648352,
    0.8545454545454545,
    0.8602375960866526,
    0.829059829059829,
    0.8602375960866526,
    0.8351648351648352,
    0.886039886039886
  ],
  "dims": [
    7,
    8,
    6,
    7,
    7,
    7,
    7,
    9
  ],
  "rounds": [
    "R1",
    "R2",
    "R3",
    "R4",
    "R5",
    "R6",
    "R7",
    "R8"
  ]
}