{"weights": [0.08793696888179961, 0.02519994867577358, 0.14362610628317138, 0.02906521097502406, -0.38893285290270985, -0.22351391299336848, -0.05449441311773853, 0.0025066474309052536], "intercept": 0.38515726611799483}