{
  "acc": [
    0.75,
    0.8,
    0.825,
    0.825,
    0.825,
    0.825,
    0.875,
    0.775
  ],
  "f1": [
    0.7395833333333333,
    0.7720797720797721,
    0.8106828938471939,
    0.8043326345213138,
    0.8106828938471939,
    0.8106828938471939,
    0.8602375960866526,
    0.7630019749835418
  ],
  "dims": [
    7,
    7,
    7,
    7,
    7,
    7,
    7,
    9
  ],
  "rounds": [
    "R1",
    "R2",
    "R3",
    "R4",
    "R5",
    "R6",
    "R7",
    "R8"
  ]
}